NOMBRE_DEP;NOMBRE_MUN;ZONA;PUESTO;CANDIDATO;VOTOS
ANTIOQUIA;MEDELLIN;01;I.E. POPULAR CENTRAL;MARIA FERNANDA CABAL;29
ANTIOQUIA;MEDELLIN;01;I.E. POPULAR CENTRAL;GUSTAVO PETRO;139
ANTIOQUIA;MEDELLIN;01;I.E. POPULAR CENTRAL;FEDERICO GUTIERREZ;82
ANTIOQUIA;MEDELLIN;01;PARQUE POPULAR;MARIA FERNANDA CABAL;39
ANTIOQUIA;MEDELLIN;01;PARQUE POPULAR;GUSTAVO PETRO;239
ANTIOQUIA;MEDELLIN;01;PARQUE POPULAR;FEDERICO GUTIERREZ;58
ANTIOQUIA;MEDELLIN;01;PUESTO POPULAR 03;MARIA FERNANDA CABAL;17
ANTIOQUIA;MEDELLIN;01;PUESTO POPULAR 03;GUSTAVO PETRO;303
ANTIOQUIA;MEDELLIN;01;PUESTO POPULAR 03;FEDERICO GUTIERREZ;31
ANTIOQUIA;MEDELLIN;01;PUESTO POPULAR 04;MARIA FERNANDA CABAL;23
ANTIOQUIA;MEDELLIN;01;PUESTO POPULAR 04;GUSTAVO PETRO;199
ANTIOQUIA;MEDELLIN;01;PUESTO POPULAR 04;FEDERICO GUTIERREZ;67
ANTIOQUIA;MEDELLIN;01;PUESTO POPULAR 05;MARIA FERNANDA CABAL;27
ANTIOQUIA;MEDELLIN;01;PUESTO POPULAR 05;GUSTAVO PETRO;231
ANTIOQUIA;MEDELLIN;01;PUESTO POPULAR 05;FEDERICO GUTIERREZ;49
ANTIOQUIA;MEDELLIN;01;PUESTO POPULAR 06;MARIA FERNANDA CABAL;45
ANTIOQUIA;MEDELLIN;01;PUESTO POPULAR 06;GUSTAVO PETRO;173
ANTIOQUIA;MEDELLIN;01;PUESTO POPULAR 06;FEDERICO GUTIERREZ;41
ANTIOQUIA;MEDELLIN;01;PUESTO POPULAR 07;MARIA FERNANDA CABAL;57
ANTIOQUIA;MEDELLIN;01;PUESTO POPULAR 07;GUSTAVO PETRO;183
ANTIOQUIA;MEDELLIN;01;PUESTO POPULAR 07;FEDERICO GUTIERREZ;61
ANTIOQUIA;MEDELLIN;01;PUESTO POPULAR 08;MARIA FERNANDA CABAL;55
ANTIOQUIA;MEDELLIN;01;PUESTO POPULAR 08;GUSTAVO PETRO;324
ANTIOQUIA;MEDELLIN;01;PUESTO POPULAR 08;FEDERICO GUTIERREZ;69
ANTIOQUIA;MEDELLIN;01;PUESTO POPULAR 09;MARIA FERNANDA CABAL;56
ANTIOQUIA;MEDELLIN;01;PUESTO POPULAR 09;GUSTAVO PETRO;170
ANTIOQUIA;MEDELLIN;01;PUESTO POPULAR 09;FEDERICO GUTIERREZ;36
ANTIOQUIA;MEDELLIN;01;PUESTO POPULAR 10;MARIA FERNANDA CABAL;52
ANTIOQUIA;MEDELLIN;01;PUESTO POPULAR 10;GUSTAVO PETRO;216
ANTIOQUIA;MEDELLIN;01;PUESTO POPULAR 10;FEDERICO GUTIERREZ;105
ANTIOQUIA;MEDELLIN;02;I.E. SANTA CRUZ CENTRAL;MARIA FERNANDA CABAL;35
ANTIOQUIA;MEDELLIN;02;I.E. SANTA CRUZ CENTRAL;GUSTAVO PETRO;224
ANTIOQUIA;MEDELLIN;02;I.E. SANTA CRUZ CENTRAL;FEDERICO GUTIERREZ;105
ANTIOQUIA;MEDELLIN;02;PARQUE SANTA CRUZ;MARIA FERNANDA CABAL;26
ANTIOQUIA;MEDELLIN;02;PARQUE SANTA CRUZ;GUSTAVO PETRO;240
ANTIOQUIA;MEDELLIN;02;PARQUE SANTA CRUZ;FEDERICO GUTIERREZ;58
ANTIOQUIA;MEDELLIN;02;PUESTO SANTA CRUZ 03;MARIA FERNANDA CABAL;19
ANTIOQUIA;MEDELLIN;02;PUESTO SANTA CRUZ 03;GUSTAVO PETRO;106
ANTIOQUIA;MEDELLIN;02;PUESTO SANTA CRUZ 03;FEDERICO GUTIERREZ;31
ANTIOQUIA;MEDELLIN;02;PUESTO SANTA CRUZ 04;MARIA FERNANDA CABAL;36
ANTIOQUIA;MEDELLIN;02;PUESTO SANTA CRUZ 04;GUSTAVO PETRO;268
ANTIOQUIA;MEDELLIN;02;PUESTO SANTA CRUZ 04;FEDERICO GUTIERREZ;77
ANTIOQUIA;MEDELLIN;02;PUESTO SANTA CRUZ 05;MARIA FERNANDA CABAL;22
ANTIOQUIA;MEDELLIN;02;PUESTO SANTA CRUZ 05;GUSTAVO PETRO;295
ANTIOQUIA;MEDELLIN;02;PUESTO SANTA CRUZ 05;FEDERICO GUTIERREZ;57
ANTIOQUIA;MEDELLIN;02;PUESTO SANTA CRUZ 06;MARIA FERNANDA CABAL;33
ANTIOQUIA;MEDELLIN;02;PUESTO SANTA CRUZ 06;GUSTAVO PETRO;259
ANTIOQUIA;MEDELLIN;02;PUESTO SANTA CRUZ 06;FEDERICO GUTIERREZ;73
ANTIOQUIA;MEDELLIN;02;PUESTO SANTA CRUZ 07;MARIA FERNANDA CABAL;48
ANTIOQUIA;MEDELLIN;02;PUESTO SANTA CRUZ 07;GUSTAVO PETRO;113
ANTIOQUIA;MEDELLIN;02;PUESTO SANTA CRUZ 07;FEDERICO GUTIERREZ;74
ANTIOQUIA;MEDELLIN;02;PUESTO SANTA CRUZ 08;MARIA FERNANDA CABAL;13
ANTIOQUIA;MEDELLIN;02;PUESTO SANTA CRUZ 08;GUSTAVO PETRO;94
ANTIOQUIA;MEDELLIN;02;PUESTO SANTA CRUZ 08;FEDERICO GUTIERREZ;81
ANTIOQUIA;MEDELLIN;02;PUESTO SANTA CRUZ 09;MARIA FERNANDA CABAL;41
ANTIOQUIA;MEDELLIN;02;PUESTO SANTA CRUZ 09;GUSTAVO PETRO;81
ANTIOQUIA;MEDELLIN;02;PUESTO SANTA CRUZ 09;FEDERICO GUTIERREZ;28
ANTIOQUIA;MEDELLIN;02;PUESTO SANTA CRUZ 10;MARIA FERNANDA CABAL;22
ANTIOQUIA;MEDELLIN;02;PUESTO SANTA CRUZ 10;GUSTAVO PETRO;309
ANTIOQUIA;MEDELLIN;02;PUESTO SANTA CRUZ 10;FEDERICO GUTIERREZ;91
ANTIOQUIA;MEDELLIN;03;I.E. MANRIQUE CENTRAL;MARIA FERNANDA CABAL;73
ANTIOQUIA;MEDELLIN;03;I.E. MANRIQUE CENTRAL;GUSTAVO PETRO;296
ANTIOQUIA;MEDELLIN;03;I.E. MANRIQUE CENTRAL;FEDERICO GUTIERREZ;60
ANTIOQUIA;MEDELLIN;03;PARQUE MANRIQUE;MARIA FERNANDA CABAL;53
ANTIOQUIA;MEDELLIN;03;PARQUE MANRIQUE;GUSTAVO PETRO;296
ANTIOQUIA;MEDELLIN;03;PARQUE MANRIQUE;FEDERICO GUTIERREZ;88
ANTIOQUIA;MEDELLIN;03;PUESTO MANRIQUE 03;MARIA FERNANDA CABAL;49
ANTIOQUIA;MEDELLIN;03;PUESTO MANRIQUE 03;GUSTAVO PETRO;223
ANTIOQUIA;MEDELLIN;03;PUESTO MANRIQUE 03;FEDERICO GUTIERREZ;118
ANTIOQUIA;MEDELLIN;03;PUESTO MANRIQUE 04;MARIA FERNANDA CABAL;53
ANTIOQUIA;MEDELLIN;03;PUESTO MANRIQUE 04;GUSTAVO PETRO;68
ANTIOQUIA;MEDELLIN;03;PUESTO MANRIQUE 04;FEDERICO GUTIERREZ;102
ANTIOQUIA;MEDELLIN;03;PUESTO MANRIQUE 05;MARIA FERNANDA CABAL;42
ANTIOQUIA;MEDELLIN;03;PUESTO MANRIQUE 05;GUSTAVO PETRO;218
ANTIOQUIA;MEDELLIN;03;PUESTO MANRIQUE 05;FEDERICO GUTIERREZ;120
ANTIOQUIA;MEDELLIN;03;PUESTO MANRIQUE 06;MARIA FERNANDA CABAL;34
ANTIOQUIA;MEDELLIN;03;PUESTO MANRIQUE 06;GUSTAVO PETRO;186
ANTIOQUIA;MEDELLIN;03;PUESTO MANRIQUE 06;FEDERICO GUTIERREZ;127
ANTIOQUIA;MEDELLIN;03;PUESTO MANRIQUE 07;MARIA FERNANDA CABAL;38
ANTIOQUIA;MEDELLIN;03;PUESTO MANRIQUE 07;GUSTAVO PETRO;233
ANTIOQUIA;MEDELLIN;03;PUESTO MANRIQUE 07;FEDERICO GUTIERREZ;56
ANTIOQUIA;MEDELLIN;03;PUESTO MANRIQUE 08;MARIA FERNANDA CABAL;63
ANTIOQUIA;MEDELLIN;03;PUESTO MANRIQUE 08;GUSTAVO PETRO;182
ANTIOQUIA;MEDELLIN;03;PUESTO MANRIQUE 08;FEDERICO GUTIERREZ;69
ANTIOQUIA;MEDELLIN;03;PUESTO MANRIQUE 09;MARIA FERNANDA CABAL;44
ANTIOQUIA;MEDELLIN;03;PUESTO MANRIQUE 09;GUSTAVO PETRO;145
ANTIOQUIA;MEDELLIN;03;PUESTO MANRIQUE 09;FEDERICO GUTIERREZ;87
ANTIOQUIA;MEDELLIN;03;PUESTO MANRIQUE 10;MARIA FERNANDA CABAL;39
ANTIOQUIA;MEDELLIN;03;PUESTO MANRIQUE 10;GUSTAVO PETRO;151
ANTIOQUIA;MEDELLIN;03;PUESTO MANRIQUE 10;FEDERICO GUTIERREZ;124
ANTIOQUIA;MEDELLIN;03;PUESTO MANRIQUE 11;MARIA FERNANDA CABAL;51
ANTIOQUIA;MEDELLIN;03;PUESTO MANRIQUE 11;GUSTAVO PETRO;179
ANTIOQUIA;MEDELLIN;03;PUESTO MANRIQUE 11;FEDERICO GUTIERREZ;110
ANTIOQUIA;MEDELLIN;03;PUESTO MANRIQUE 12;MARIA FERNANDA CABAL;69
ANTIOQUIA;MEDELLIN;03;PUESTO MANRIQUE 12;GUSTAVO PETRO;219
ANTIOQUIA;MEDELLIN;03;PUESTO MANRIQUE 12;FEDERICO GUTIERREZ;64
ANTIOQUIA;MEDELLIN;04;I.E. ARANJUEZ CENTRAL;MARIA FERNANDA CABAL;23
ANTIOQUIA;MEDELLIN;04;I.E. ARANJUEZ CENTRAL;GUSTAVO PETRO;91
ANTIOQUIA;MEDELLIN;04;I.E. ARANJUEZ CENTRAL;FEDERICO GUTIERREZ;77
ANTIOQUIA;MEDELLIN;04;PARQUE ARANJUEZ;MARIA FERNANDA CABAL;62
ANTIOQUIA;MEDELLIN;04;PARQUE ARANJUEZ;GUSTAVO PETRO;131
ANTIOQUIA;MEDELLIN;04;PARQUE ARANJUEZ;FEDERICO GUTIERREZ;133
ANTIOQUIA;MEDELLIN;04;PUESTO ARANJUEZ 03;MARIA FERNANDA CABAL;60
ANTIOQUIA;MEDELLIN;04;PUESTO ARANJUEZ 03;GUSTAVO PETRO;162
ANTIOQUIA;MEDELLIN;04;PUESTO ARANJUEZ 03;FEDERICO GUTIERREZ;157
ANTIOQUIA;MEDELLIN;04;PUESTO ARANJUEZ 04;MARIA FERNANDA CABAL;78
ANTIOQUIA;MEDELLIN;04;PUESTO ARANJUEZ 04;GUSTAVO PETRO;71
ANTIOQUIA;MEDELLIN;04;PUESTO ARANJUEZ 04;FEDERICO GUTIERREZ;102
ANTIOQUIA;MEDELLIN;04;PUESTO ARANJUEZ 05;MARIA FERNANDA CABAL;80
ANTIOQUIA;MEDELLIN;04;PUESTO ARANJUEZ 05;GUSTAVO PETRO;117
ANTIOQUIA;MEDELLIN;04;PUESTO ARANJUEZ 05;FEDERICO GUTIERREZ;43
ANTIOQUIA;MEDELLIN;04;PUESTO ARANJUEZ 06;MARIA FERNANDA CABAL;26
ANTIOQUIA;MEDELLIN;04;PUESTO ARANJUEZ 06;GUSTAVO PETRO;87
ANTIOQUIA;MEDELLIN;04;PUESTO ARANJUEZ 06;FEDERICO GUTIERREZ;60
ANTIOQUIA;MEDELLIN;04;PUESTO ARANJUEZ 07;MARIA FERNANDA CABAL;95
ANTIOQUIA;MEDELLIN;04;PUESTO ARANJUEZ 07;GUSTAVO PETRO;116
ANTIOQUIA;MEDELLIN;04;PUESTO ARANJUEZ 07;FEDERICO GUTIERREZ;50
ANTIOQUIA;MEDELLIN;04;PUESTO ARANJUEZ 08;MARIA FERNANDA CABAL;97
ANTIOQUIA;MEDELLIN;04;PUESTO ARANJUEZ 08;GUSTAVO PETRO;118
ANTIOQUIA;MEDELLIN;04;PUESTO ARANJUEZ 08;FEDERICO GUTIERREZ;170
ANTIOQUIA;MEDELLIN;04;PUESTO ARANJUEZ 09;MARIA FERNANDA CABAL;33
ANTIOQUIA;MEDELLIN;04;PUESTO ARANJUEZ 09;GUSTAVO PETRO;137
ANTIOQUIA;MEDELLIN;04;PUESTO ARANJUEZ 09;FEDERICO GUTIERREZ;92
ANTIOQUIA;MEDELLIN;04;PUESTO ARANJUEZ 10;MARIA FERNANDA CABAL;98
ANTIOQUIA;MEDELLIN;04;PUESTO ARANJUEZ 10;GUSTAVO PETRO;267
ANTIOQUIA;MEDELLIN;04;PUESTO ARANJUEZ 10;FEDERICO GUTIERREZ;126
ANTIOQUIA;MEDELLIN;04;PUESTO ARANJUEZ 11;MARIA FERNANDA CABAL;74
ANTIOQUIA;MEDELLIN;04;PUESTO ARANJUEZ 11;GUSTAVO PETRO;88
ANTIOQUIA;MEDELLIN;04;PUESTO ARANJUEZ 11;FEDERICO GUTIERREZ;41
ANTIOQUIA;MEDELLIN;04;PUESTO ARANJUEZ 12;MARIA FERNANDA CABAL;99
ANTIOQUIA;MEDELLIN;04;PUESTO ARANJUEZ 12;GUSTAVO PETRO;296
ANTIOQUIA;MEDELLIN;04;PUESTO ARANJUEZ 12;FEDERICO GUTIERREZ;34
ANTIOQUIA;MEDELLIN;05;I.E. CASTILLA CENTRAL;MARIA FERNANDA CABAL;70
ANTIOQUIA;MEDELLIN;05;I.E. CASTILLA CENTRAL;GUSTAVO PETRO;173
ANTIOQUIA;MEDELLIN;05;I.E. CASTILLA CENTRAL;FEDERICO GUTIERREZ;84
ANTIOQUIA;MEDELLIN;05;PARQUE CASTILLA;MARIA FERNANDA CABAL;75
ANTIOQUIA;MEDELLIN;05;PARQUE CASTILLA;GUSTAVO PETRO;171
ANTIOQUIA;MEDELLIN;05;PARQUE CASTILLA;FEDERICO GUTIERREZ;76
ANTIOQUIA;MEDELLIN;05;PUESTO CASTILLA 03;MARIA FERNANDA CABAL;16
ANTIOQUIA;MEDELLIN;05;PUESTO CASTILLA 03;GUSTAVO PETRO;154
ANTIOQUIA;MEDELLIN;05;PUESTO CASTILLA 03;FEDERICO GUTIERREZ;71
ANTIOQUIA;MEDELLIN;05;PUESTO CASTILLA 04;MARIA FERNANDA CABAL;51
ANTIOQUIA;MEDELLIN;05;PUESTO CASTILLA 04;GUSTAVO PETRO;222
ANTIOQUIA;MEDELLIN;05;PUESTO CASTILLA 04;FEDERICO GUTIERREZ;145
ANTIOQUIA;MEDELLIN;05;PUESTO CASTILLA 05;MARIA FERNANDA CABAL;30
ANTIOQUIA;MEDELLIN;05;PUESTO CASTILLA 05;GUSTAVO PETRO;306
ANTIOQUIA;MEDELLIN;05;PUESTO CASTILLA 05;FEDERICO GUTIERREZ;100
ANTIOQUIA;MEDELLIN;05;PUESTO CASTILLA 06;MARIA FERNANDA CABAL;25
ANTIOQUIA;MEDELLIN;05;PUESTO CASTILLA 06;GUSTAVO PETRO;156
ANTIOQUIA;MEDELLIN;05;PUESTO CASTILLA 06;FEDERICO GUTIERREZ;84
ANTIOQUIA;MEDELLIN;05;PUESTO CASTILLA 07;MARIA FERNANDA CABAL;64
ANTIOQUIA;MEDELLIN;05;PUESTO CASTILLA 07;GUSTAVO PETRO;192
ANTIOQUIA;MEDELLIN;05;PUESTO CASTILLA 07;FEDERICO GUTIERREZ;89
ANTIOQUIA;MEDELLIN;05;PUESTO CASTILLA 08;MARIA FERNANDA CABAL;55
ANTIOQUIA;MEDELLIN;05;PUESTO CASTILLA 08;GUSTAVO PETRO;215
ANTIOQUIA;MEDELLIN;05;PUESTO CASTILLA 08;FEDERICO GUTIERREZ;96
ANTIOQUIA;MEDELLIN;05;PUESTO CASTILLA 09;MARIA FERNANDA CABAL;61
ANTIOQUIA;MEDELLIN;05;PUESTO CASTILLA 09;GUSTAVO PETRO;210
ANTIOQUIA;MEDELLIN;05;PUESTO CASTILLA 09;FEDERICO GUTIERREZ;88
ANTIOQUIA;MEDELLIN;05;PUESTO CASTILLA 10;MARIA FERNANDA CABAL;58
ANTIOQUIA;MEDELLIN;05;PUESTO CASTILLA 10;GUSTAVO PETRO;185
ANTIOQUIA;MEDELLIN;05;PUESTO CASTILLA 10;FEDERICO GUTIERREZ;123
ANTIOQUIA;MEDELLIN;05;PUESTO CASTILLA 11;MARIA FERNANDA CABAL;27
ANTIOQUIA;MEDELLIN;05;PUESTO CASTILLA 11;GUSTAVO PETRO;230
ANTIOQUIA;MEDELLIN;05;PUESTO CASTILLA 11;FEDERICO GUTIERREZ;152
ANTIOQUIA;MEDELLIN;05;PUESTO CASTILLA 12;MARIA FERNANDA CABAL;28
ANTIOQUIA;MEDELLIN;05;PUESTO CASTILLA 12;GUSTAVO PETRO;128
ANTIOQUIA;MEDELLIN;05;PUESTO CASTILLA 12;FEDERICO GUTIERREZ;51
ANTIOQUIA;MEDELLIN;05;PUESTO CASTILLA 13;MARIA FERNANDA CABAL;32
ANTIOQUIA;MEDELLIN;05;PUESTO CASTILLA 13;GUSTAVO PETRO;174
ANTIOQUIA;MEDELLIN;05;PUESTO CASTILLA 13;FEDERICO GUTIERREZ;95
ANTIOQUIA;MEDELLIN;05;PUESTO CASTILLA 14;MARIA FERNANDA CABAL;37
ANTIOQUIA;MEDELLIN;05;PUESTO CASTILLA 14;GUSTAVO PETRO;210
ANTIOQUIA;MEDELLIN;05;PUESTO CASTILLA 14;FEDERICO GUTIERREZ;141
ANTIOQUIA;MEDELLIN;05;PUESTO CASTILLA 15;MARIA FERNANDA CABAL;29
ANTIOQUIA;MEDELLIN;05;PUESTO CASTILLA 15;GUSTAVO PETRO;153
ANTIOQUIA;MEDELLIN;05;PUESTO CASTILLA 15;FEDERICO GUTIERREZ;123
ANTIOQUIA;MEDELLIN;06;I.E. DOCE DE OCTUBRE CENTRAL;MARIA FERNANDA CABAL;40
ANTIOQUIA;MEDELLIN;06;I.E. DOCE DE OCTUBRE CENTRAL;GUSTAVO PETRO;240
ANTIOQUIA;MEDELLIN;06;I.E. DOCE DE OCTUBRE CENTRAL;FEDERICO GUTIERREZ;112
ANTIOQUIA;MEDELLIN;06;PARQUE DOCE DE OCTUBRE;MARIA FERNANDA CABAL;87
ANTIOQUIA;MEDELLIN;06;PARQUE DOCE DE OCTUBRE;GUSTAVO PETRO;308
ANTIOQUIA;MEDELLIN;06;PARQUE DOCE DE OCTUBRE;FEDERICO GUTIERREZ;143
ANTIOQUIA;MEDELLIN;06;PUESTO DOCE DE OCTUBRE 03;MARIA FERNANDA CABAL;23
ANTIOQUIA;MEDELLIN;06;PUESTO DOCE DE OCTUBRE 03;GUSTAVO PETRO;211
ANTIOQUIA;MEDELLIN;06;PUESTO DOCE DE OCTUBRE 03;FEDERICO GUTIERREZ;164
ANTIOQUIA;MEDELLIN;06;PUESTO DOCE DE OCTUBRE 04;MARIA FERNANDA CABAL;54
ANTIOQUIA;MEDELLIN;06;PUESTO DOCE DE OCTUBRE 04;GUSTAVO PETRO;206
ANTIOQUIA;MEDELLIN;06;PUESTO DOCE DE OCTUBRE 04;FEDERICO GUTIERREZ;54
ANTIOQUIA;MEDELLIN;06;PUESTO DOCE DE OCTUBRE 05;MARIA FERNANDA CABAL;75
ANTIOQUIA;MEDELLIN;06;PUESTO DOCE DE OCTUBRE 05;GUSTAVO PETRO;143
ANTIOQUIA;MEDELLIN;06;PUESTO DOCE DE OCTUBRE 05;FEDERICO GUTIERREZ;58
ANTIOQUIA;MEDELLIN;06;PUESTO DOCE DE OCTUBRE 06;MARIA FERNANDA CABAL;72
ANTIOQUIA;MEDELLIN;06;PUESTO DOCE DE OCTUBRE 06;GUSTAVO PETRO;120
ANTIOQUIA;MEDELLIN;06;PUESTO DOCE DE OCTUBRE 06;FEDERICO GUTIERREZ;56
ANTIOQUIA;MEDELLIN;06;PUESTO DOCE DE OCTUBRE 07;MARIA FERNANDA CABAL;36
ANTIOQUIA;MEDELLIN;06;PUESTO DOCE DE OCTUBRE 07;GUSTAVO PETRO;240
ANTIOQUIA;MEDELLIN;06;PUESTO DOCE DE OCTUBRE 07;FEDERICO GUTIERREZ;108
ANTIOQUIA;MEDELLIN;06;PUESTO DOCE DE OCTUBRE 08;MARIA FERNANDA CABAL;58
ANTIOQUIA;MEDELLIN;06;PUESTO DOCE DE OCTUBRE 08;GUSTAVO PETRO;103
ANTIOQUIA;MEDELLIN;06;PUESTO DOCE DE OCTUBRE 08;FEDERICO GUTIERREZ;149
ANTIOQUIA;MEDELLIN;06;PUESTO DOCE DE OCTUBRE 09;MARIA FERNANDA CABAL;80
ANTIOQUIA;MEDELLIN;06;PUESTO DOCE DE OCTUBRE 09;GUSTAVO PETRO;132
ANTIOQUIA;MEDELLIN;06;PUESTO DOCE DE OCTUBRE 09;FEDERICO GUTIERREZ;33
ANTIOQUIA;MEDELLIN;06;PUESTO DOCE DE OCTUBRE 10;MARIA FERNANDA CABAL;52
ANTIOQUIA;MEDELLIN;06;PUESTO DOCE DE OCTUBRE 10;GUSTAVO PETRO;154
ANTIOQUIA;MEDELLIN;06;PUESTO DOCE DE OCTUBRE 10;FEDERICO GUTIERREZ;126
ANTIOQUIA;MEDELLIN;06;PUESTO DOCE DE OCTUBRE 11;MARIA FERNANDA CABAL;54
ANTIOQUIA;MEDELLIN;06;PUESTO DOCE DE OCTUBRE 11;GUSTAVO PETRO;201
ANTIOQUIA;MEDELLIN;06;PUESTO DOCE DE OCTUBRE 11;FEDERICO GUTIERREZ;85
ANTIOQUIA;MEDELLIN;06;PUESTO DOCE DE OCTUBRE 12;MARIA FERNANDA CABAL;66
ANTIOQUIA;MEDELLIN;06;PUESTO DOCE DE OCTUBRE 12;GUSTAVO PETRO;203
ANTIOQUIA;MEDELLIN;06;PUESTO DOCE DE OCTUBRE 12;FEDERICO GUTIERREZ;47
ANTIOQUIA;MEDELLIN;07;I.E. ROBLEDO CENTRAL;MARIA FERNANDA CABAL;28
ANTIOQUIA;MEDELLIN;07;I.E. ROBLEDO CENTRAL;GUSTAVO PETRO;85
ANTIOQUIA;MEDELLIN;07;I.E. ROBLEDO CENTRAL;FEDERICO GUTIERREZ;198
ANTIOQUIA;MEDELLIN;07;PARQUE ROBLEDO;MARIA FERNANDA CABAL;53
ANTIOQUIA;MEDELLIN;07;PARQUE ROBLEDO;GUSTAVO PETRO;95
ANTIOQUIA;MEDELLIN;07;PARQUE ROBLEDO;FEDERICO GUTIERREZ;191
ANTIOQUIA;MEDELLIN;07;PUESTO ROBLEDO 03;MARIA FERNANDA CABAL;60
ANTIOQUIA;MEDELLIN;07;PUESTO ROBLEDO 03;GUSTAVO PETRO;218
ANTIOQUIA;MEDELLIN;07;PUESTO ROBLEDO 03;FEDERICO GUTIERREZ;67
ANTIOQUIA;MEDELLIN;07;PUESTO ROBLEDO 04;MARIA FERNANDA CABAL;43
ANTIOQUIA;MEDELLIN;07;PUESTO ROBLEDO 04;GUSTAVO PETRO;71
ANTIOQUIA;MEDELLIN;07;PUESTO ROBLEDO 04;FEDERICO GUTIERREZ;125
ANTIOQUIA;MEDELLIN;07;PUESTO ROBLEDO 05;MARIA FERNANDA CABAL;70
ANTIOQUIA;MEDELLIN;07;PUESTO ROBLEDO 05;GUSTAVO PETRO;192
ANTIOQUIA;MEDELLIN;07;PUESTO ROBLEDO 05;FEDERICO GUTIERREZ;52
ANTIOQUIA;MEDELLIN;07;PUESTO ROBLEDO 06;MARIA FERNANDA CABAL;122
ANTIOQUIA;MEDELLIN;07;PUESTO ROBLEDO 06;GUSTAVO PETRO;178
ANTIOQUIA;MEDELLIN;07;PUESTO ROBLEDO 06;FEDERICO GUTIERREZ;154
ANTIOQUIA;MEDELLIN;07;PUESTO ROBLEDO 07;MARIA FERNANDA CABAL;115
ANTIOQUIA;MEDELLIN;07;PUESTO ROBLEDO 07;GUSTAVO PETRO;115
ANTIOQUIA;MEDELLIN;07;PUESTO ROBLEDO 07;FEDERICO GUTIERREZ;84
ANTIOQUIA;MEDELLIN;07;PUESTO ROBLEDO 08;MARIA FERNANDA CABAL;111
ANTIOQUIA;MEDELLIN;07;PUESTO ROBLEDO 08;GUSTAVO PETRO;160
ANTIOQUIA;MEDELLIN;07;PUESTO ROBLEDO 08;FEDERICO GUTIERREZ;68
ANTIOQUIA;MEDELLIN;07;PUESTO ROBLEDO 09;MARIA FERNANDA CABAL;101
ANTIOQUIA;MEDELLIN;07;PUESTO ROBLEDO 09;GUSTAVO PETRO;104
ANTIOQUIA;MEDELLIN;07;PUESTO ROBLEDO 09;FEDERICO GUTIERREZ;76
ANTIOQUIA;MEDELLIN;07;PUESTO ROBLEDO 10;MARIA FERNANDA CABAL;84
ANTIOQUIA;MEDELLIN;07;PUESTO ROBLEDO 10;GUSTAVO PETRO;85
ANTIOQUIA;MEDELLIN;07;PUESTO ROBLEDO 10;FEDERICO GUTIERREZ;56
ANTIOQUIA;MEDELLIN;07;PUESTO ROBLEDO 11;MARIA FERNANDA CABAL;63
ANTIOQUIA;MEDELLIN;07;PUESTO ROBLEDO 11;GUSTAVO PETRO;112
ANTIOQUIA;MEDELLIN;07;PUESTO ROBLEDO 11;FEDERICO GUTIERREZ;56
ANTIOQUIA;MEDELLIN;07;PUESTO ROBLEDO 12;MARIA FERNANDA CABAL;34
ANTIOQUIA;MEDELLIN;07;PUESTO ROBLEDO 12;GUSTAVO PETRO;194
ANTIOQUIA;MEDELLIN;07;PUESTO ROBLEDO 12;FEDERICO GUTIERREZ;112
ANTIOQUIA;MEDELLIN;07;PUESTO ROBLEDO 13;MARIA FERNANDA CABAL;80
ANTIOQUIA;MEDELLIN;07;PUESTO ROBLEDO 13;GUSTAVO PETRO;62
ANTIOQUIA;MEDELLIN;07;PUESTO ROBLEDO 13;FEDERICO GUTIERREZ;75
ANTIOQUIA;MEDELLIN;07;PUESTO ROBLEDO 14;MARIA FERNANDA CABAL;119
ANTIOQUIA;MEDELLIN;07;PUESTO ROBLEDO 14;GUSTAVO PETRO;131
ANTIOQUIA;MEDELLIN;07;PUESTO ROBLEDO 14;FEDERICO GUTIERREZ;141
ANTIOQUIA;MEDELLIN;07;PUESTO ROBLEDO 15;MARIA FERNANDA CABAL;74
ANTIOQUIA;MEDELLIN;07;PUESTO ROBLEDO 15;GUSTAVO PETRO;170
ANTIOQUIA;MEDELLIN;07;PUESTO ROBLEDO 15;FEDERICO GUTIERREZ;173
ANTIOQUIA;MEDELLIN;07;PUESTO ROBLEDO 16;MARIA FERNANDA CABAL;42
ANTIOQUIA;MEDELLIN;07;PUESTO ROBLEDO 16;GUSTAVO PETRO;100
ANTIOQUIA;MEDELLIN;07;PUESTO ROBLEDO 16;FEDERICO GUTIERREZ;94
ANTIOQUIA;MEDELLIN;07;PUESTO ROBLEDO 17;MARIA FERNANDA CABAL;64
ANTIOQUIA;MEDELLIN;07;PUESTO ROBLEDO 17;GUSTAVO PETRO;142
ANTIOQUIA;MEDELLIN;07;PUESTO ROBLEDO 17;FEDERICO GUTIERREZ;104
ANTIOQUIA;MEDELLIN;07;PUESTO ROBLEDO 18;MARIA FERNANDA CABAL;76
ANTIOQUIA;MEDELLIN;07;PUESTO ROBLEDO 18;GUSTAVO PETRO;117
ANTIOQUIA;MEDELLIN;07;PUESTO ROBLEDO 18;FEDERICO GUTIERREZ;105
ANTIOQUIA;MEDELLIN;08;I.E. VILLA HERMOSA CENTRAL;MARIA FERNANDA CABAL;102
ANTIOQUIA;MEDELLIN;08;I.E. VILLA HERMOSA CENTRAL;GUSTAVO PETRO;240
ANTIOQUIA;MEDELLIN;08;I.E. VILLA HERMOSA CENTRAL;FEDERICO GUTIERREZ;66
ANTIOQUIA;MEDELLIN;08;PARQUE VILLA HERMOSA;MARIA FERNANDA CABAL;53
ANTIOQUIA;MEDELLIN;08;PARQUE VILLA HERMOSA;GUSTAVO PETRO;98
ANTIOQUIA;MEDELLIN;08;PARQUE VILLA HERMOSA;FEDERICO GUTIERREZ;54
ANTIOQUIA;MEDELLIN;08;PUESTO VILLA HERMOSA 03;MARIA FERNANDA CABAL;79
ANTIOQUIA;MEDELLIN;08;PUESTO VILLA HERMOSA 03;GUSTAVO PETRO;123
ANTIOQUIA;MEDELLIN;08;PUESTO VILLA HERMOSA 03;FEDERICO GUTIERREZ;45
ANTIOQUIA;MEDELLIN;08;PUESTO VILLA HERMOSA 04;MARIA FERNANDA CABAL;84
ANTIOQUIA;MEDELLIN;08;PUESTO VILLA HERMOSA 04;GUSTAVO PETRO;107
ANTIOQUIA;MEDELLIN;08;PUESTO VILLA HERMOSA 04;FEDERICO GUTIERREZ;164
ANTIOQUIA;MEDELLIN;08;PUESTO VILLA HERMOSA 05;MARIA FERNANDA CABAL;44
ANTIOQUIA;MEDELLIN;08;PUESTO VILLA HERMOSA 05;GUSTAVO PETRO;238
ANTIOQUIA;MEDELLIN;08;PUESTO VILLA HERMOSA 05;FEDERICO GUTIERREZ;136
ANTIOQUIA;MEDELLIN;08;PUESTO VILLA HERMOSA 06;MARIA FERNANDA CABAL;87
ANTIOQUIA;MEDELLIN;08;PUESTO VILLA HERMOSA 06;GUSTAVO PETRO;120
ANTIOQUIA;MEDELLIN;08;PUESTO VILLA HERMOSA 06;FEDERICO GUTIERREZ;119
ANTIOQUIA;MEDELLIN;08;PUESTO VILLA HERMOSA 07;MARIA FERNANDA CABAL;77
ANTIOQUIA;MEDELLIN;08;PUESTO VILLA HERMOSA 07;GUSTAVO PETRO;195
ANTIOQUIA;MEDELLIN;08;PUESTO VILLA HERMOSA 07;FEDERICO GUTIERREZ;82
ANTIOQUIA;MEDELLIN;08;PUESTO VILLA HERMOSA 08;MARIA FERNANDA CABAL;23
ANTIOQUIA;MEDELLIN;08;PUESTO VILLA HERMOSA 08;GUSTAVO PETRO;269
ANTIOQUIA;MEDELLIN;08;PUESTO VILLA HERMOSA 08;FEDERICO GUTIERREZ;175
ANTIOQUIA;MEDELLIN;08;PUESTO VILLA HERMOSA 09;MARIA FERNANDA CABAL;100
ANTIOQUIA;MEDELLIN;08;PUESTO VILLA HERMOSA 09;GUSTAVO PETRO;225
ANTIOQUIA;MEDELLIN;08;PUESTO VILLA HERMOSA 09;FEDERICO GUTIERREZ;117
ANTIOQUIA;MEDELLIN;08;PUESTO VILLA HERMOSA 10;MARIA FERNANDA CABAL;29
ANTIOQUIA;MEDELLIN;08;PUESTO VILLA HERMOSA 10;GUSTAVO PETRO;145
ANTIOQUIA;MEDELLIN;08;PUESTO VILLA HERMOSA 10;FEDERICO GUTIERREZ;87
ANTIOQUIA;MEDELLIN;08;PUESTO VILLA HERMOSA 11;MARIA FERNANDA CABAL;97
ANTIOQUIA;MEDELLIN;08;PUESTO VILLA HERMOSA 11;GUSTAVO PETRO;198
ANTIOQUIA;MEDELLIN;08;PUESTO VILLA HERMOSA 11;FEDERICO GUTIERREZ;46
ANTIOQUIA;MEDELLIN;08;PUESTO VILLA HERMOSA 12;MARIA FERNANDA CABAL;100
ANTIOQUIA;MEDELLIN;08;PUESTO VILLA HERMOSA 12;GUSTAVO PETRO;129
ANTIOQUIA;MEDELLIN;08;PUESTO VILLA HERMOSA 12;FEDERICO GUTIERREZ;150
ANTIOQUIA;MEDELLIN;09;I.E. BUENOS AIRES CENTRAL;MARIA FERNANDA CABAL;39
ANTIOQUIA;MEDELLIN;09;I.E. BUENOS AIRES CENTRAL;GUSTAVO PETRO;82
ANTIOQUIA;MEDELLIN;09;I.E. BUENOS AIRES CENTRAL;FEDERICO GUTIERREZ;55
ANTIOQUIA;MEDELLIN;09;PARQUE BUENOS AIRES;MARIA FERNANDA CABAL;70
ANTIOQUIA;MEDELLIN;09;PARQUE BUENOS AIRES;GUSTAVO PETRO;106
ANTIOQUIA;MEDELLIN;09;PARQUE BUENOS AIRES;FEDERICO GUTIERREZ;186
ANTIOQUIA;MEDELLIN;09;PUESTO BUENOS AIRES 03;MARIA FERNANDA CABAL;71
ANTIOQUIA;MEDELLIN;09;PUESTO BUENOS AIRES 03;GUSTAVO PETRO;92
ANTIOQUIA;MEDELLIN;09;PUESTO BUENOS AIRES 03;FEDERICO GUTIERREZ;76
ANTIOQUIA;MEDELLIN;09;PUESTO BUENOS AIRES 04;MARIA FERNANDA CABAL;44
ANTIOQUIA;MEDELLIN;09;PUESTO BUENOS AIRES 04;GUSTAVO PETRO;86
ANTIOQUIA;MEDELLIN;09;PUESTO BUENOS AIRES 04;FEDERICO GUTIERREZ;174
ANTIOQUIA;MEDELLIN;09;PUESTO BUENOS AIRES 05;MARIA FERNANDA CABAL;111
ANTIOQUIA;MEDELLIN;09;PUESTO BUENOS AIRES 05;GUSTAVO PETRO;144
ANTIOQUIA;MEDELLIN;09;PUESTO BUENOS AIRES 05;FEDERICO GUTIERREZ;131
ANTIOQUIA;MEDELLIN;09;PUESTO BUENOS AIRES 06;MARIA FERNANDA CABAL;38
ANTIOQUIA;MEDELLIN;09;PUESTO BUENOS AIRES 06;GUSTAVO PETRO;102
ANTIOQUIA;MEDELLIN;09;PUESTO BUENOS AIRES 06;FEDERICO GUTIERREZ;221
ANTIOQUIA;MEDELLIN;09;PUESTO BUENOS AIRES 07;MARIA FERNANDA CABAL;63
ANTIOQUIA;MEDELLIN;09;PUESTO BUENOS AIRES 07;GUSTAVO PETRO;110
ANTIOQUIA;MEDELLIN;09;PUESTO BUENOS AIRES 07;FEDERICO GUTIERREZ;149
ANTIOQUIA;MEDELLIN;09;PUESTO BUENOS AIRES 08;MARIA FERNANDA CABAL;107
ANTIOQUIA;MEDELLIN;09;PUESTO BUENOS AIRES 08;GUSTAVO PETRO;116
ANTIOQUIA;MEDELLIN;09;PUESTO BUENOS AIRES 08;FEDERICO GUTIERREZ;109
ANTIOQUIA;MEDELLIN;09;PUESTO BUENOS AIRES 09;MARIA FERNANDA CABAL;70
ANTIOQUIA;MEDELLIN;09;PUESTO BUENOS AIRES 09;GUSTAVO PETRO;191
ANTIOQUIA;MEDELLIN;09;PUESTO BUENOS AIRES 09;FEDERICO GUTIERREZ;114
ANTIOQUIA;MEDELLIN;09;PUESTO BUENOS AIRES 10;MARIA FERNANDA CABAL;74
ANTIOQUIA;MEDELLIN;09;PUESTO BUENOS AIRES 10;GUSTAVO PETRO;51
ANTIOQUIA;MEDELLIN;09;PUESTO BUENOS AIRES 10;FEDERICO GUTIERREZ;139
ANTIOQUIA;MEDELLIN;09;PUESTO BUENOS AIRES 11;MARIA FERNANDA CABAL;132
ANTIOQUIA;MEDELLIN;09;PUESTO BUENOS AIRES 11;GUSTAVO PETRO;217
ANTIOQUIA;MEDELLIN;09;PUESTO BUENOS AIRES 11;FEDERICO GUTIERREZ;82
ANTIOQUIA;MEDELLIN;09;PUESTO BUENOS AIRES 12;MARIA FERNANDA CABAL;115
ANTIOQUIA;MEDELLIN;09;PUESTO BUENOS AIRES 12;GUSTAVO PETRO;145
ANTIOQUIA;MEDELLIN;09;PUESTO BUENOS AIRES 12;FEDERICO GUTIERREZ;148
ANTIOQUIA;MEDELLIN;10;I.E. LA CANDELARIA CENTRAL;MARIA FERNANDA CABAL;111
ANTIOQUIA;MEDELLIN;10;I.E. LA CANDELARIA CENTRAL;GUSTAVO PETRO;85
ANTIOQUIA;MEDELLIN;10;I.E. LA CANDELARIA CENTRAL;FEDERICO GUTIERREZ;113
ANTIOQUIA;MEDELLIN;10;PARQUE LA CANDELARIA;MARIA FERNANDA CABAL;60
ANTIOQUIA;MEDELLIN;10;PARQUE LA CANDELARIA;GUSTAVO PETRO;131
ANTIOQUIA;MEDELLIN;10;PARQUE LA CANDELARIA;FEDERICO GUTIERREZ;152
ANTIOQUIA;MEDELLIN;10;PUESTO LA CANDELARIA 03;MARIA FERNANDA CABAL;108
ANTIOQUIA;MEDELLIN;10;PUESTO LA CANDELARIA 03;GUSTAVO PETRO;124
ANTIOQUIA;MEDELLIN;10;PUESTO LA CANDELARIA 03;FEDERICO GUTIERREZ;49
ANTIOQUIA;MEDELLIN;10;PUESTO LA CANDELARIA 04;MARIA FERNANDA CABAL;153
ANTIOQUIA;MEDELLIN;10;PUESTO LA CANDELARIA 04;GUSTAVO PETRO;88
ANTIOQUIA;MEDELLIN;10;PUESTO LA CANDELARIA 04;FEDERICO GUTIERREZ;126
ANTIOQUIA;MEDELLIN;10;PUESTO LA CANDELARIA 05;MARIA FERNANDA CABAL;82
ANTIOQUIA;MEDELLIN;10;PUESTO LA CANDELARIA 05;GUSTAVO PETRO;232
ANTIOQUIA;MEDELLIN;10;PUESTO LA CANDELARIA 05;FEDERICO GUTIERREZ;194
ANTIOQUIA;MEDELLIN;10;PUESTO LA CANDELARIA 06;MARIA FERNANDA CABAL;84
ANTIOQUIA;MEDELLIN;10;PUESTO LA CANDELARIA 06;GUSTAVO PETRO;120
ANTIOQUIA;MEDELLIN;10;PUESTO LA CANDELARIA 06;FEDERICO GUTIERREZ;84
ANTIOQUIA;MEDELLIN;10;PUESTO LA CANDELARIA 07;MARIA FERNANDA CABAL;109
ANTIOQUIA;MEDELLIN;10;PUESTO LA CANDELARIA 07;GUSTAVO PETRO;109
ANTIOQUIA;MEDELLIN;10;PUESTO LA CANDELARIA 07;FEDERICO GUTIERREZ;99
ANTIOQUIA;MEDELLIN;10;PUESTO LA CANDELARIA 08;MARIA FERNANDA CABAL;73
ANTIOQUIA;MEDELLIN;10;PUESTO LA CANDELARIA 08;GUSTAVO PETRO;59
ANTIOQUIA;MEDELLIN;10;PUESTO LA CANDELARIA 08;FEDERICO GUTIERREZ;163
ANTIOQUIA;MEDELLIN;10;PUESTO LA CANDELARIA 09;MARIA FERNANDA CABAL;130
ANTIOQUIA;MEDELLIN;10;PUESTO LA CANDELARIA 09;GUSTAVO PETRO;185
ANTIOQUIA;MEDELLIN;10;PUESTO LA CANDELARIA 09;FEDERICO GUTIERREZ;223
ANTIOQUIA;MEDELLIN;10;PUESTO LA CANDELARIA 10;MARIA FERNANDA CABAL;147
ANTIOQUIA;MEDELLIN;10;PUESTO LA CANDELARIA 10;GUSTAVO PETRO;135
ANTIOQUIA;MEDELLIN;10;PUESTO LA CANDELARIA 10;FEDERICO GUTIERREZ;69
ANTIOQUIA;MEDELLIN;10;PUESTO LA CANDELARIA 11;MARIA FERNANDA CABAL;73
ANTIOQUIA;MEDELLIN;10;PUESTO LA CANDELARIA 11;GUSTAVO PETRO;172
ANTIOQUIA;MEDELLIN;10;PUESTO LA CANDELARIA 11;FEDERICO GUTIERREZ;97
ANTIOQUIA;MEDELLIN;10;PUESTO LA CANDELARIA 12;MARIA FERNANDA CABAL;130
ANTIOQUIA;MEDELLIN;10;PUESTO LA CANDELARIA 12;GUSTAVO PETRO;131
ANTIOQUIA;MEDELLIN;10;PUESTO LA CANDELARIA 12;FEDERICO GUTIERREZ;133
ANTIOQUIA;MEDELLIN;10;PUESTO LA CANDELARIA 13;MARIA FERNANDA CABAL;98
ANTIOQUIA;MEDELLIN;10;PUESTO LA CANDELARIA 13;GUSTAVO PETRO;105
ANTIOQUIA;MEDELLIN;10;PUESTO LA CANDELARIA 13;FEDERICO GUTIERREZ;172
ANTIOQUIA;MEDELLIN;10;PUESTO LA CANDELARIA 14;MARIA FERNANDA CABAL;83
ANTIOQUIA;MEDELLIN;10;PUESTO LA CANDELARIA 14;GUSTAVO PETRO;85
ANTIOQUIA;MEDELLIN;10;PUESTO LA CANDELARIA 14;FEDERICO GUTIERREZ;174
ANTIOQUIA;MEDELLIN;10;PUESTO LA CANDELARIA 15;MARIA FERNANDA CABAL;35
ANTIOQUIA;MEDELLIN;10;PUESTO LA CANDELARIA 15;GUSTAVO PETRO;46
ANTIOQUIA;MEDELLIN;10;PUESTO LA CANDELARIA 15;FEDERICO GUTIERREZ;196
ANTIOQUIA;MEDELLIN;11;I.E. LAURELES CENTRAL;MARIA FERNANDA CABAL;280
ANTIOQUIA;MEDELLIN;11;I.E. LAURELES CENTRAL;GUSTAVO PETRO;61
ANTIOQUIA;MEDELLIN;11;I.E. LAURELES CENTRAL;FEDERICO GUTIERREZ;254
ANTIOQUIA;MEDELLIN;11;PARQUE LAURELES;MARIA FERNANDA CABAL;214
ANTIOQUIA;MEDELLIN;11;PARQUE LAURELES;GUSTAVO PETRO;45
ANTIOQUIA;MEDELLIN;11;PARQUE LAURELES;FEDERICO GUTIERREZ;161
ANTIOQUIA;MEDELLIN;11;PUESTO LAURELES 03;MARIA FERNANDA CABAL;132
ANTIOQUIA;MEDELLIN;11;PUESTO LAURELES 03;GUSTAVO PETRO;46
ANTIOQUIA;MEDELLIN;11;PUESTO LAURELES 03;FEDERICO GUTIERREZ;204
ANTIOQUIA;MEDELLIN;11;PUESTO LAURELES 04;MARIA FERNANDA CABAL;117
ANTIOQUIA;MEDELLIN;11;PUESTO LAURELES 04;GUSTAVO PETRO;91
ANTIOQUIA;MEDELLIN;11;PUESTO LAURELES 04;FEDERICO GUTIERREZ;335
ANTIOQUIA;MEDELLIN;11;PUESTO LAURELES 05;MARIA FERNANDA CABAL;161
ANTIOQUIA;MEDELLIN;11;PUESTO LAURELES 05;GUSTAVO PETRO;55
ANTIOQUIA;MEDELLIN;11;PUESTO LAURELES 05;FEDERICO GUTIERREZ;126
ANTIOQUIA;MEDELLIN;11;PUESTO LAURELES 06;MARIA FERNANDA CABAL;244
ANTIOQUIA;MEDELLIN;11;PUESTO LAURELES 06;GUSTAVO PETRO;34
ANTIOQUIA;MEDELLIN;11;PUESTO LAURELES 06;FEDERICO GUTIERREZ;247
ANTIOQUIA;MEDELLIN;11;PUESTO LAURELES 07;MARIA FERNANDA CABAL;217
ANTIOQUIA;MEDELLIN;11;PUESTO LAURELES 07;GUSTAVO PETRO;52
ANTIOQUIA;MEDELLIN;11;PUESTO LAURELES 07;FEDERICO GUTIERREZ;212
ANTIOQUIA;MEDELLIN;11;PUESTO LAURELES 08;MARIA FERNANDA CABAL;238
ANTIOQUIA;MEDELLIN;11;PUESTO LAURELES 08;GUSTAVO PETRO;42
ANTIOQUIA;MEDELLIN;11;PUESTO LAURELES 08;FEDERICO GUTIERREZ;365
ANTIOQUIA;MEDELLIN;11;PUESTO LAURELES 09;MARIA FERNANDA CABAL;106
ANTIOQUIA;MEDELLIN;11;PUESTO LAURELES 09;GUSTAVO PETRO;84
ANTIOQUIA;MEDELLIN;11;PUESTO LAURELES 09;FEDERICO GUTIERREZ;172
ANTIOQUIA;MEDELLIN;11;PUESTO LAURELES 10;MARIA FERNANDA CABAL;337
ANTIOQUIA;MEDELLIN;11;PUESTO LAURELES 10;GUSTAVO PETRO;40
ANTIOQUIA;MEDELLIN;11;PUESTO LAURELES 10;FEDERICO GUTIERREZ;188
ANTIOQUIA;MEDELLIN;11;PUESTO LAURELES 11;MARIA FERNANDA CABAL;147
ANTIOQUIA;MEDELLIN;11;PUESTO LAURELES 11;GUSTAVO PETRO;36
ANTIOQUIA;MEDELLIN;11;PUESTO LAURELES 11;FEDERICO GUTIERREZ;101
ANTIOQUIA;MEDELLIN;11;PUESTO LAURELES 12;MARIA FERNANDA CABAL;226
ANTIOQUIA;MEDELLIN;11;PUESTO LAURELES 12;GUSTAVO PETRO;72
ANTIOQUIA;MEDELLIN;11;PUESTO LAURELES 12;FEDERICO GUTIERREZ;286
ANTIOQUIA;MEDELLIN;11;PUESTO LAURELES 13;MARIA FERNANDA CABAL;165
ANTIOQUIA;MEDELLIN;11;PUESTO LAURELES 13;GUSTAVO PETRO;25
ANTIOQUIA;MEDELLIN;11;PUESTO LAURELES 13;FEDERICO GUTIERREZ;125
ANTIOQUIA;MEDELLIN;11;PUESTO LAURELES 14;MARIA FERNANDA CABAL;176
ANTIOQUIA;MEDELLIN;11;PUESTO LAURELES 14;GUSTAVO PETRO;43
ANTIOQUIA;MEDELLIN;11;PUESTO LAURELES 14;FEDERICO GUTIERREZ;273
ANTIOQUIA;MEDELLIN;11;PUESTO LAURELES 15;MARIA FERNANDA CABAL;112
ANTIOQUIA;MEDELLIN;11;PUESTO LAURELES 15;GUSTAVO PETRO;59
ANTIOQUIA;MEDELLIN;11;PUESTO LAURELES 15;FEDERICO GUTIERREZ;255
ANTIOQUIA;MEDELLIN;11;PUESTO LAURELES 16;MARIA FERNANDA CABAL;278
ANTIOQUIA;MEDELLIN;11;PUESTO LAURELES 16;GUSTAVO PETRO;68
ANTIOQUIA;MEDELLIN;11;PUESTO LAURELES 16;FEDERICO GUTIERREZ;231
ANTIOQUIA;MEDELLIN;11;PUESTO LAURELES 17;MARIA FERNANDA CABAL;82
ANTIOQUIA;MEDELLIN;11;PUESTO LAURELES 17;GUSTAVO PETRO;61
ANTIOQUIA;MEDELLIN;11;PUESTO LAURELES 17;FEDERICO GUTIERREZ;224
ANTIOQUIA;MEDELLIN;11;PUESTO LAURELES 18;MARIA FERNANDA CABAL;96
ANTIOQUIA;MEDELLIN;11;PUESTO LAURELES 18;GUSTAVO PETRO;77
ANTIOQUIA;MEDELLIN;11;PUESTO LAURELES 18;FEDERICO GUTIERREZ;301
ANTIOQUIA;MEDELLIN;11;PUESTO LAURELES 19;MARIA FERNANDA CABAL;112
ANTIOQUIA;MEDELLIN;11;PUESTO LAURELES 19;GUSTAVO PETRO;77
ANTIOQUIA;MEDELLIN;11;PUESTO LAURELES 19;FEDERICO GUTIERREZ;307
ANTIOQUIA;MEDELLIN;11;PUESTO LAURELES 20;MARIA FERNANDA CABAL;274
ANTIOQUIA;MEDELLIN;11;PUESTO LAURELES 20;GUSTAVO PETRO;65
ANTIOQUIA;MEDELLIN;11;PUESTO LAURELES 20;FEDERICO GUTIERREZ;111
ANTIOQUIA;MEDELLIN;12;I.E. LA AMERICA CENTRAL;MARIA FERNANDA CABAL;67
ANTIOQUIA;MEDELLIN;12;I.E. LA AMERICA CENTRAL;GUSTAVO PETRO;117
ANTIOQUIA;MEDELLIN;12;I.E. LA AMERICA CENTRAL;FEDERICO GUTIERREZ;140
ANTIOQUIA;MEDELLIN;12;PARQUE LA AMERICA;MARIA FERNANDA CABAL;212
ANTIOQUIA;MEDELLIN;12;PARQUE LA AMERICA;GUSTAVO PETRO;51
ANTIOQUIA;MEDELLIN;12;PARQUE LA AMERICA;FEDERICO GUTIERREZ;95
ANTIOQUIA;MEDELLIN;12;PUESTO LA AMERICA 03;MARIA FERNANDA CABAL;63
ANTIOQUIA;MEDELLIN;12;PUESTO LA AMERICA 03;GUSTAVO PETRO;64
ANTIOQUIA;MEDELLIN;12;PUESTO LA AMERICA 03;FEDERICO GUTIERREZ;99
ANTIOQUIA;MEDELLIN;12;PUESTO LA AMERICA 04;MARIA FERNANDA CABAL;260
ANTIOQUIA;MEDELLIN;12;PUESTO LA AMERICA 04;GUSTAVO PETRO;110
ANTIOQUIA;MEDELLIN;12;PUESTO LA AMERICA 04;FEDERICO GUTIERREZ;129
ANTIOQUIA;MEDELLIN;12;PUESTO LA AMERICA 05;MARIA FERNANDA CABAL;179
ANTIOQUIA;MEDELLIN;12;PUESTO LA AMERICA 05;GUSTAVO PETRO;60
ANTIOQUIA;MEDELLIN;12;PUESTO LA AMERICA 05;FEDERICO GUTIERREZ;191
ANTIOQUIA;MEDELLIN;12;PUESTO LA AMERICA 06;MARIA FERNANDA CABAL;113
ANTIOQUIA;MEDELLIN;12;PUESTO LA AMERICA 06;GUSTAVO PETRO;78
ANTIOQUIA;MEDELLIN;12;PUESTO LA AMERICA 06;FEDERICO GUTIERREZ;149
ANTIOQUIA;MEDELLIN;12;PUESTO LA AMERICA 07;MARIA FERNANDA CABAL;179
ANTIOQUIA;MEDELLIN;12;PUESTO LA AMERICA 07;GUSTAVO PETRO;88
ANTIOQUIA;MEDELLIN;12;PUESTO LA AMERICA 07;FEDERICO GUTIERREZ;315
ANTIOQUIA;MEDELLIN;12;PUESTO LA AMERICA 08;MARIA FERNANDA CABAL;85
ANTIOQUIA;MEDELLIN;12;PUESTO LA AMERICA 08;GUSTAVO PETRO;101
ANTIOQUIA;MEDELLIN;12;PUESTO LA AMERICA 08;FEDERICO GUTIERREZ;88
ANTIOQUIA;MEDELLIN;12;PUESTO LA AMERICA 09;MARIA FERNANDA CABAL;208
ANTIOQUIA;MEDELLIN;12;PUESTO LA AMERICA 09;GUSTAVO PETRO;69
ANTIOQUIA;MEDELLIN;12;PUESTO LA AMERICA 09;FEDERICO GUTIERREZ;127
ANTIOQUIA;MEDELLIN;12;PUESTO LA AMERICA 10;MARIA FERNANDA CABAL;107
ANTIOQUIA;MEDELLIN;12;PUESTO LA AMERICA 10;GUSTAVO PETRO;100
ANTIOQUIA;MEDELLIN;12;PUESTO LA AMERICA 10;FEDERICO GUTIERREZ;198
ANTIOQUIA;MEDELLIN;12;PUESTO LA AMERICA 11;MARIA FERNANDA CABAL;148
ANTIOQUIA;MEDELLIN;12;PUESTO LA AMERICA 11;GUSTAVO PETRO;116
ANTIOQUIA;MEDELLIN;12;PUESTO LA AMERICA 11;FEDERICO GUTIERREZ;120
ANTIOQUIA;MEDELLIN;12;PUESTO LA AMERICA 12;MARIA FERNANDA CABAL;86
ANTIOQUIA;MEDELLIN;12;PUESTO LA AMERICA 12;GUSTAVO PETRO;142
ANTIOQUIA;MEDELLIN;12;PUESTO LA AMERICA 12;FEDERICO GUTIERREZ;255
ANTIOQUIA;MEDELLIN;13;I.E. SAN JAVIER CENTRAL;MARIA FERNANDA CABAL;83
ANTIOQUIA;MEDELLIN;13;I.E. SAN JAVIER CENTRAL;GUSTAVO PETRO;121
ANTIOQUIA;MEDELLIN;13;I.E. SAN JAVIER CENTRAL;FEDERICO GUTIERREZ;43
ANTIOQUIA;MEDELLIN;13;PARQUE SAN JAVIER;MARIA FERNANDA CABAL;73
ANTIOQUIA;MEDELLIN;13;PARQUE SAN JAVIER;GUSTAVO PETRO;76
ANTIOQUIA;MEDELLIN;13;PARQUE SAN JAVIER;FEDERICO GUTIERREZ;62
ANTIOQUIA;MEDELLIN;13;PUESTO SAN JAVIER 03;MARIA FERNANDA CABAL;68
ANTIOQUIA;MEDELLIN;13;PUESTO SAN JAVIER 03;GUSTAVO PETRO;307
ANTIOQUIA;MEDELLIN;13;PUESTO SAN JAVIER 03;FEDERICO GUTIERREZ;136
ANTIOQUIA;MEDELLIN;13;PUESTO SAN JAVIER 04;MARIA FERNANDA CABAL;38
ANTIOQUIA;MEDELLIN;13;PUESTO SAN JAVIER 04;GUSTAVO PETRO;180
ANTIOQUIA;MEDELLIN;13;PUESTO SAN JAVIER 04;FEDERICO GUTIERREZ;92
ANTIOQUIA;MEDELLIN;13;PUESTO SAN JAVIER 05;MARIA FERNANDA CABAL;65
ANTIOQUIA;MEDELLIN;13;PUESTO SAN JAVIER 05;GUSTAVO PETRO;146
ANTIOQUIA;MEDELLIN;13;PUESTO SAN JAVIER 05;FEDERICO GUTIERREZ;117
ANTIOQUIA;MEDELLIN;13;PUESTO SAN JAVIER 06;MARIA FERNANDA CABAL;52
ANTIOQUIA;MEDELLIN;13;PUESTO SAN JAVIER 06;GUSTAVO PETRO;102
ANTIOQUIA;MEDELLIN;13;PUESTO SAN JAVIER 06;FEDERICO GUTIERREZ;45
ANTIOQUIA;MEDELLIN;13;PUESTO SAN JAVIER 07;MARIA FERNANDA CABAL;87
ANTIOQUIA;MEDELLIN;13;PUESTO SAN JAVIER 07;GUSTAVO PETRO;123
ANTIOQUIA;MEDELLIN;13;PUESTO SAN JAVIER 07;FEDERICO GUTIERREZ;120
ANTIOQUIA;MEDELLIN;13;PUESTO SAN JAVIER 08;MARIA FERNANDA CABAL;80
ANTIOQUIA;MEDELLIN;13;PUESTO SAN JAVIER 08;GUSTAVO PETRO;140
ANTIOQUIA;MEDELLIN;13;PUESTO SAN JAVIER 08;FEDERICO GUTIERREZ;36
ANTIOQUIA;MEDELLIN;13;PUESTO SAN JAVIER 09;MARIA FERNANDA CABAL;36
ANTIOQUIA;MEDELLIN;13;PUESTO SAN JAVIER 09;GUSTAVO PETRO;85
ANTIOQUIA;MEDELLIN;13;PUESTO SAN JAVIER 09;FEDERICO GUTIERREZ;143
ANTIOQUIA;MEDELLIN;13;PUESTO SAN JAVIER 10;MARIA FERNANDA CABAL;93
ANTIOQUIA;MEDELLIN;13;PUESTO SAN JAVIER 10;GUSTAVO PETRO;252
ANTIOQUIA;MEDELLIN;13;PUESTO SAN JAVIER 10;FEDERICO GUTIERREZ;131
ANTIOQUIA;MEDELLIN;13;PUESTO SAN JAVIER 11;MARIA FERNANDA CABAL;75
ANTIOQUIA;MEDELLIN;13;PUESTO SAN JAVIER 11;GUSTAVO PETRO;143
ANTIOQUIA;MEDELLIN;13;PUESTO SAN JAVIER 11;FEDERICO GUTIERREZ;74
ANTIOQUIA;MEDELLIN;13;PUESTO SAN JAVIER 12;MARIA FERNANDA CABAL;98
ANTIOQUIA;MEDELLIN;13;PUESTO SAN JAVIER 12;GUSTAVO PETRO;156
ANTIOQUIA;MEDELLIN;13;PUESTO SAN JAVIER 12;FEDERICO GUTIERREZ;63
ANTIOQUIA;MEDELLIN;13;PUESTO SAN JAVIER 13;MARIA FERNANDA CABAL;24
ANTIOQUIA;MEDELLIN;13;PUESTO SAN JAVIER 13;GUSTAVO PETRO;86
ANTIOQUIA;MEDELLIN;13;PUESTO SAN JAVIER 13;FEDERICO GUTIERREZ;99
ANTIOQUIA;MEDELLIN;13;PUESTO SAN JAVIER 14;MARIA FERNANDA CABAL;82
ANTIOQUIA;MEDELLIN;13;PUESTO SAN JAVIER 14;GUSTAVO PETRO;131
ANTIOQUIA;MEDELLIN;13;PUESTO SAN JAVIER 14;FEDERICO GUTIERREZ;140
ANTIOQUIA;MEDELLIN;13;PUESTO SAN JAVIER 15;MARIA FERNANDA CABAL;83
ANTIOQUIA;MEDELLIN;13;PUESTO SAN JAVIER 15;GUSTAVO PETRO;304
ANTIOQUIA;MEDELLIN;13;PUESTO SAN JAVIER 15;FEDERICO GUTIERREZ;87
ANTIOQUIA;MEDELLIN;14;I.E. EL POBLADO CENTRAL;MARIA FERNANDA CABAL;256
ANTIOQUIA;MEDELLIN;14;I.E. EL POBLADO CENTRAL;GUSTAVO PETRO;16
ANTIOQUIA;MEDELLIN;14;I.E. EL POBLADO CENTRAL;FEDERICO GUTIERREZ;278
ANTIOQUIA;MEDELLIN;14;PARQUE EL POBLADO;MARIA FERNANDA CABAL;314
ANTIOQUIA;MEDELLIN;14;PARQUE EL POBLADO;GUSTAVO PETRO;11
ANTIOQUIA;MEDELLIN;14;PARQUE EL POBLADO;FEDERICO GUTIERREZ;178
ANTIOQUIA;MEDELLIN;14;PUESTO EL POBLADO 03;MARIA FERNANDA CABAL;324
ANTIOQUIA;MEDELLIN;14;PUESTO EL POBLADO 03;GUSTAVO PETRO;28
ANTIOQUIA;MEDELLIN;14;PUESTO EL POBLADO 03;FEDERICO GUTIERREZ;219
ANTIOQUIA;MEDELLIN;14;PUESTO EL POBLADO 04;MARIA FERNANDA CABAL;161
ANTIOQUIA;MEDELLIN;14;PUESTO EL POBLADO 04;GUSTAVO PETRO;18
ANTIOQUIA;MEDELLIN;14;PUESTO EL POBLADO 04;FEDERICO GUTIERREZ;322
ANTIOQUIA;MEDELLIN;14;PUESTO EL POBLADO 05;MARIA FERNANDA CABAL;289
ANTIOQUIA;MEDELLIN;14;PUESTO EL POBLADO 05;GUSTAVO PETRO;36
ANTIOQUIA;MEDELLIN;14;PUESTO EL POBLADO 05;FEDERICO GUTIERREZ;170
ANTIOQUIA;MEDELLIN;14;PUESTO EL POBLADO 06;MARIA FERNANDA CABAL;146
ANTIOQUIA;MEDELLIN;14;PUESTO EL POBLADO 06;GUSTAVO PETRO;38
ANTIOQUIA;MEDELLIN;14;PUESTO EL POBLADO 06;FEDERICO GUTIERREZ;354
ANTIOQUIA;MEDELLIN;14;PUESTO EL POBLADO 07;MARIA FERNANDA CABAL;266
ANTIOQUIA;MEDELLIN;14;PUESTO EL POBLADO 07;GUSTAVO PETRO;38
ANTIOQUIA;MEDELLIN;14;PUESTO EL POBLADO 07;FEDERICO GUTIERREZ;174
ANTIOQUIA;MEDELLIN;14;PUESTO EL POBLADO 08;MARIA FERNANDA CABAL;190
ANTIOQUIA;MEDELLIN;14;PUESTO EL POBLADO 08;GUSTAVO PETRO;35
ANTIOQUIA;MEDELLIN;14;PUESTO EL POBLADO 08;FEDERICO GUTIERREZ;196
ANTIOQUIA;MEDELLIN;14;PUESTO EL POBLADO 09;MARIA FERNANDA CABAL;93
ANTIOQUIA;MEDELLIN;14;PUESTO EL POBLADO 09;GUSTAVO PETRO;24
ANTIOQUIA;MEDELLIN;14;PUESTO EL POBLADO 09;FEDERICO GUTIERREZ;323
ANTIOQUIA;MEDELLIN;14;PUESTO EL POBLADO 10;MARIA FERNANDA CABAL;256
ANTIOQUIA;MEDELLIN;14;PUESTO EL POBLADO 10;GUSTAVO PETRO;41
ANTIOQUIA;MEDELLIN;14;PUESTO EL POBLADO 10;FEDERICO GUTIERREZ;205
ANTIOQUIA;MEDELLIN;14;PUESTO EL POBLADO 11;MARIA FERNANDA CABAL;130
ANTIOQUIA;MEDELLIN;14;PUESTO EL POBLADO 11;GUSTAVO PETRO;17
ANTIOQUIA;MEDELLIN;14;PUESTO EL POBLADO 11;FEDERICO GUTIERREZ;327
ANTIOQUIA;MEDELLIN;14;PUESTO EL POBLADO 12;MARIA FERNANDA CABAL;105
ANTIOQUIA;MEDELLIN;14;PUESTO EL POBLADO 12;GUSTAVO PETRO;28
ANTIOQUIA;MEDELLIN;14;PUESTO EL POBLADO 12;FEDERICO GUTIERREZ;251
ANTIOQUIA;MEDELLIN;14;PUESTO EL POBLADO 13;MARIA FERNANDA CABAL;337
ANTIOQUIA;MEDELLIN;14;PUESTO EL POBLADO 13;GUSTAVO PETRO;29
ANTIOQUIA;MEDELLIN;14;PUESTO EL POBLADO 13;FEDERICO GUTIERREZ;178
ANTIOQUIA;MEDELLIN;14;PUESTO EL POBLADO 14;MARIA FERNANDA CABAL;348
ANTIOQUIA;MEDELLIN;14;PUESTO EL POBLADO 14;GUSTAVO PETRO;20
ANTIOQUIA;MEDELLIN;14;PUESTO EL POBLADO 14;FEDERICO GUTIERREZ;225
ANTIOQUIA;MEDELLIN;14;PUESTO EL POBLADO 15;MARIA FERNANDA CABAL;262
ANTIOQUIA;MEDELLIN;14;PUESTO EL POBLADO 15;GUSTAVO PETRO;15
ANTIOQUIA;MEDELLIN;14;PUESTO EL POBLADO 15;FEDERICO GUTIERREZ;208
ANTIOQUIA;MEDELLIN;14;PUESTO EL POBLADO 16;MARIA FERNANDA CABAL;303
ANTIOQUIA;MEDELLIN;14;PUESTO EL POBLADO 16;GUSTAVO PETRO;20
ANTIOQUIA;MEDELLIN;14;PUESTO EL POBLADO 16;FEDERICO GUTIERREZ;178
ANTIOQUIA;MEDELLIN;14;PUESTO EL POBLADO 17;MARIA FERNANDA CABAL;391
ANTIOQUIA;MEDELLIN;14;PUESTO EL POBLADO 17;GUSTAVO PETRO;32
ANTIOQUIA;MEDELLIN;14;PUESTO EL POBLADO 17;FEDERICO GUTIERREZ;244
ANTIOQUIA;MEDELLIN;14;PUESTO EL POBLADO 18;MARIA FERNANDA CABAL;291
ANTIOQUIA;MEDELLIN;14;PUESTO EL POBLADO 18;GUSTAVO PETRO;23
ANTIOQUIA;MEDELLIN;14;PUESTO EL POBLADO 18;FEDERICO GUTIERREZ;366
ANTIOQUIA;MEDELLIN;14;PUESTO EL POBLADO 19;MARIA FERNANDA CABAL;398
ANTIOQUIA;MEDELLIN;14;PUESTO EL POBLADO 19;GUSTAVO PETRO;40
ANTIOQUIA;MEDELLIN;14;PUESTO EL POBLADO 19;FEDERICO GUTIERREZ;250
ANTIOQUIA;MEDELLIN;14;PUESTO EL POBLADO 20;MARIA FERNANDA CABAL;209
ANTIOQUIA;MEDELLIN;14;PUESTO EL POBLADO 20;GUSTAVO PETRO;31
ANTIOQUIA;MEDELLIN;14;PUESTO EL POBLADO 20;FEDERICO GUTIERREZ;408
ANTIOQUIA;MEDELLIN;14;PUESTO EL POBLADO 21;MARIA FERNANDA CABAL;393
ANTIOQUIA;MEDELLIN;14;PUESTO EL POBLADO 21;GUSTAVO PETRO;34
ANTIOQUIA;MEDELLIN;14;PUESTO EL POBLADO 21;FEDERICO GUTIERREZ;247
ANTIOQUIA;MEDELLIN;14;PUESTO EL POBLADO 22;MARIA FERNANDA CABAL;249
ANTIOQUIA;MEDELLIN;14;PUESTO EL POBLADO 22;GUSTAVO PETRO;16
ANTIOQUIA;MEDELLIN;14;PUESTO EL POBLADO 22;FEDERICO GUTIERREZ;254
ANTIOQUIA;MEDELLIN;14;PUESTO EL POBLADO 23;MARIA FERNANDA CABAL;369
ANTIOQUIA;MEDELLIN;14;PUESTO EL POBLADO 23;GUSTAVO PETRO;14
ANTIOQUIA;MEDELLIN;14;PUESTO EL POBLADO 23;FEDERICO GUTIERREZ;243
ANTIOQUIA;MEDELLIN;14;PUESTO EL POBLADO 24;MARIA FERNANDA CABAL;165
ANTIOQUIA;MEDELLIN;14;PUESTO EL POBLADO 24;GUSTAVO PETRO;21
ANTIOQUIA;MEDELLIN;14;PUESTO EL POBLADO 24;FEDERICO GUTIERREZ;266
ANTIOQUIA;MEDELLIN;14;PUESTO EL POBLADO 25;MARIA FERNANDA CABAL;334
ANTIOQUIA;MEDELLIN;14;PUESTO EL POBLADO 25;GUSTAVO PETRO;35
ANTIOQUIA;MEDELLIN;14;PUESTO EL POBLADO 25;FEDERICO GUTIERREZ;284
ANTIOQUIA;MEDELLIN;15;I.E. GUAYABAL CENTRAL;MARIA FERNANDA CABAL;168
ANTIOQUIA;MEDELLIN;15;I.E. GUAYABAL CENTRAL;GUSTAVO PETRO;78
ANTIOQUIA;MEDELLIN;15;I.E. GUAYABAL CENTRAL;FEDERICO GUTIERREZ;218
ANTIOQUIA;MEDELLIN;15;PARQUE GUAYABAL;MARIA FERNANDA CABAL;51
ANTIOQUIA;MEDELLIN;15;PARQUE GUAYABAL;GUSTAVO PETRO;62
ANTIOQUIA;MEDELLIN;15;PARQUE GUAYABAL;FEDERICO GUTIERREZ;203
ANTIOQUIA;MEDELLIN;15;PUESTO GUAYABAL 03;MARIA FERNANDA CABAL;116
ANTIOQUIA;MEDELLIN;15;PUESTO GUAYABAL 03;GUSTAVO PETRO;86
ANTIOQUIA;MEDELLIN;15;PUESTO GUAYABAL 03;FEDERICO GUTIERREZ;185
ANTIOQUIA;MEDELLIN;15;PUESTO GUAYABAL 04;MARIA FERNANDA CABAL;110
ANTIOQUIA;MEDELLIN;15;PUESTO GUAYABAL 04;GUSTAVO PETRO;112
ANTIOQUIA;MEDELLIN;15;PUESTO GUAYABAL 04;FEDERICO GUTIERREZ;115
ANTIOQUIA;MEDELLIN;15;PUESTO GUAYABAL 05;MARIA FERNANDA CABAL;136
ANTIOQUIA;MEDELLIN;15;PUESTO GUAYABAL 05;GUSTAVO PETRO;88
ANTIOQUIA;MEDELLIN;15;PUESTO GUAYABAL 05;FEDERICO GUTIERREZ;159
ANTIOQUIA;MEDELLIN;15;PUESTO GUAYABAL 06;MARIA FERNANDA CABAL;196
ANTIOQUIA;MEDELLIN;15;PUESTO GUAYABAL 06;GUSTAVO PETRO;54
ANTIOQUIA;MEDELLIN;15;PUESTO GUAYABAL 06;FEDERICO GUTIERREZ;97
ANTIOQUIA;MEDELLIN;15;PUESTO GUAYABAL 07;MARIA FERNANDA CABAL;177
ANTIOQUIA;MEDELLIN;15;PUESTO GUAYABAL 07;GUSTAVO PETRO;70
ANTIOQUIA;MEDELLIN;15;PUESTO GUAYABAL 07;FEDERICO GUTIERREZ;131
ANTIOQUIA;MEDELLIN;15;PUESTO GUAYABAL 08;MARIA FERNANDA CABAL;195
ANTIOQUIA;MEDELLIN;15;PUESTO GUAYABAL 08;GUSTAVO PETRO;46
ANTIOQUIA;MEDELLIN;15;PUESTO GUAYABAL 08;FEDERICO GUTIERREZ;123
ANTIOQUIA;MEDELLIN;15;PUESTO GUAYABAL 09;MARIA FERNANDA CABAL;84
ANTIOQUIA;MEDELLIN;15;PUESTO GUAYABAL 09;GUSTAVO PETRO;134
ANTIOQUIA;MEDELLIN;15;PUESTO GUAYABAL 09;FEDERICO GUTIERREZ;169
ANTIOQUIA;MEDELLIN;15;PUESTO GUAYABAL 10;MARIA FERNANDA CABAL;147
ANTIOQUIA;MEDELLIN;15;PUESTO GUAYABAL 10;GUSTAVO PETRO;103
ANTIOQUIA;MEDELLIN;15;PUESTO GUAYABAL 10;FEDERICO GUTIERREZ;203
ANTIOQUIA;MEDELLIN;15;PUESTO GUAYABAL 11;MARIA FERNANDA CABAL;155
ANTIOQUIA;MEDELLIN;15;PUESTO GUAYABAL 11;GUSTAVO PETRO;62
ANTIOQUIA;MEDELLIN;15;PUESTO GUAYABAL 11;FEDERICO GUTIERREZ;106
ANTIOQUIA;MEDELLIN;15;PUESTO GUAYABAL 12;MARIA FERNANDA CABAL;61
ANTIOQUIA;MEDELLIN;15;PUESTO GUAYABAL 12;GUSTAVO PETRO;61
ANTIOQUIA;MEDELLIN;15;PUESTO GUAYABAL 12;FEDERICO GUTIERREZ;90
ANTIOQUIA;MEDELLIN;16;I.E. BELEN CENTRAL;MARIA FERNANDA CABAL;64
ANTIOQUIA;MEDELLIN;16;I.E. BELEN CENTRAL;GUSTAVO PETRO;110
ANTIOQUIA;MEDELLIN;16;I.E. BELEN CENTRAL;FEDERICO GUTIERREZ;222
ANTIOQUIA;MEDELLIN;16;PARQUE BELEN;MARIA FERNANDA CABAL;232
ANTIOQUIA;MEDELLIN;16;PARQUE BELEN;GUSTAVO PETRO;87
ANTIOQUIA;MEDELLIN;16;PARQUE BELEN;FEDERICO GUTIERREZ;84
ANTIOQUIA;MEDELLIN;16;PUESTO BELEN 03;MARIA FERNANDA CABAL;113
ANTIOQUIA;MEDELLIN;16;PUESTO BELEN 03;GUSTAVO PETRO;36
ANTIOQUIA;MEDELLIN;16;PUESTO BELEN 03;FEDERICO GUTIERREZ;178
ANTIOQUIA;MEDELLIN;16;PUESTO BELEN 04;MARIA FERNANDA CABAL;107
ANTIOQUIA;MEDELLIN;16;PUESTO BELEN 04;GUSTAVO PETRO;45
ANTIOQUIA;MEDELLIN;16;PUESTO BELEN 04;FEDERICO GUTIERREZ;112
ANTIOQUIA;MEDELLIN;16;PUESTO BELEN 05;MARIA FERNANDA CABAL;214
ANTIOQUIA;MEDELLIN;16;PUESTO BELEN 05;GUSTAVO PETRO;85
ANTIOQUIA;MEDELLIN;16;PUESTO BELEN 05;FEDERICO GUTIERREZ;214
ANTIOQUIA;MEDELLIN;16;PUESTO BELEN 06;MARIA FERNANDA CABAL;208
ANTIOQUIA;MEDELLIN;16;PUESTO BELEN 06;GUSTAVO PETRO;60
ANTIOQUIA;MEDELLIN;16;PUESTO BELEN 06;FEDERICO GUTIERREZ;260
ANTIOQUIA;MEDELLIN;16;PUESTO BELEN 07;MARIA FERNANDA CABAL;209
ANTIOQUIA;MEDELLIN;16;PUESTO BELEN 07;GUSTAVO PETRO;47
ANTIOQUIA;MEDELLIN;16;PUESTO BELEN 07;FEDERICO GUTIERREZ;267
ANTIOQUIA;MEDELLIN;16;PUESTO BELEN 08;MARIA FERNANDA CABAL;117
ANTIOQUIA;MEDELLIN;16;PUESTO BELEN 08;GUSTAVO PETRO;62
ANTIOQUIA;MEDELLIN;16;PUESTO BELEN 08;FEDERICO GUTIERREZ;190
ANTIOQUIA;MEDELLIN;16;PUESTO BELEN 09;MARIA FERNANDA CABAL;88
ANTIOQUIA;MEDELLIN;16;PUESTO BELEN 09;GUSTAVO PETRO;54
ANTIOQUIA;MEDELLIN;16;PUESTO BELEN 09;FEDERICO GUTIERREZ;78
ANTIOQUIA;MEDELLIN;16;PUESTO BELEN 10;MARIA FERNANDA CABAL;107
ANTIOQUIA;MEDELLIN;16;PUESTO BELEN 10;GUSTAVO PETRO;113
ANTIOQUIA;MEDELLIN;16;PUESTO BELEN 10;FEDERICO GUTIERREZ;228
ANTIOQUIA;MEDELLIN;16;PUESTO BELEN 11;MARIA FERNANDA CABAL;141
ANTIOQUIA;MEDELLIN;16;PUESTO BELEN 11;GUSTAVO PETRO;33
ANTIOQUIA;MEDELLIN;16;PUESTO BELEN 11;FEDERICO GUTIERREZ;173
ANTIOQUIA;MEDELLIN;16;PUESTO BELEN 12;MARIA FERNANDA CABAL;169
ANTIOQUIA;MEDELLIN;16;PUESTO BELEN 12;GUSTAVO PETRO;53
ANTIOQUIA;MEDELLIN;16;PUESTO BELEN 12;FEDERICO GUTIERREZ;67
ANTIOQUIA;MEDELLIN;16;PUESTO BELEN 13;MARIA FERNANDA CABAL;224
ANTIOQUIA;MEDELLIN;16;PUESTO BELEN 13;GUSTAVO PETRO;57
ANTIOQUIA;MEDELLIN;16;PUESTO BELEN 13;FEDERICO GUTIERREZ;260
ANTIOQUIA;MEDELLIN;16;PUESTO BELEN 14;MARIA FERNANDA CABAL;218
ANTIOQUIA;MEDELLIN;16;PUESTO BELEN 14;GUSTAVO PETRO;68
ANTIOQUIA;MEDELLIN;16;PUESTO BELEN 14;FEDERICO GUTIERREZ;160
ANTIOQUIA;MEDELLIN;16;PUESTO BELEN 15;MARIA FERNANDA CABAL;256
ANTIOQUIA;MEDELLIN;16;PUESTO BELEN 15;GUSTAVO PETRO;102
ANTIOQUIA;MEDELLIN;16;PUESTO BELEN 15;FEDERICO GUTIERREZ;313
ANTIOQUIA;MEDELLIN;16;PUESTO BELEN 16;MARIA FERNANDA CABAL;117
ANTIOQUIA;MEDELLIN;16;PUESTO BELEN 16;GUSTAVO PETRO;98
ANTIOQUIA;MEDELLIN;16;PUESTO BELEN 16;FEDERICO GUTIERREZ;301
ANTIOQUIA;MEDELLIN;16;PUESTO BELEN 17;MARIA FERNANDA CABAL;92
ANTIOQUIA;MEDELLIN;16;PUESTO BELEN 17;GUSTAVO PETRO;41
ANTIOQUIA;MEDELLIN;16;PUESTO BELEN 17;FEDERICO GUTIERREZ;128
ANTIOQUIA;MEDELLIN;16;PUESTO BELEN 18;MARIA FERNANDA CABAL;182
ANTIOQUIA;MEDELLIN;16;PUESTO BELEN 18;GUSTAVO PETRO;60
ANTIOQUIA;MEDELLIN;16;PUESTO BELEN 18;FEDERICO GUTIERREZ;264
ANTIOQUIA;MEDELLIN;50;I.E. PALMITAS CENTRAL;MARIA FERNANDA CABAL;27
ANTIOQUIA;MEDELLIN;50;I.E. PALMITAS CENTRAL;GUSTAVO PETRO;133
ANTIOQUIA;MEDELLIN;50;I.E. PALMITAS CENTRAL;FEDERICO GUTIERREZ;62
ANTIOQUIA;MEDELLIN;50;PARQUE PALMITAS;MARIA FERNANDA CABAL;15
ANTIOQUIA;MEDELLIN;50;PARQUE PALMITAS;GUSTAVO PETRO;252
ANTIOQUIA;MEDELLIN;50;PARQUE PALMITAS;FEDERICO GUTIERREZ;58
ANTIOQUIA;MEDELLIN;50;PUESTO PALMITAS 03;MARIA FERNANDA CABAL;20
ANTIOQUIA;MEDELLIN;50;PUESTO PALMITAS 03;GUSTAVO PETRO;228
ANTIOQUIA;MEDELLIN;50;PUESTO PALMITAS 03;FEDERICO GUTIERREZ;53
ANTIOQUIA;MEDELLIN;60;I.E. SAN CRISTOBAL CENTRAL;MARIA FERNANDA CABAL;32
ANTIOQUIA;MEDELLIN;60;I.E. SAN CRISTOBAL CENTRAL;GUSTAVO PETRO;159
ANTIOQUIA;MEDELLIN;60;I.E. SAN CRISTOBAL CENTRAL;FEDERICO GUTIERREZ;60
ANTIOQUIA;MEDELLIN;60;PARQUE SAN CRISTOBAL;MARIA FERNANDA CABAL;56
ANTIOQUIA;MEDELLIN;60;PARQUE SAN CRISTOBAL;GUSTAVO PETRO;253
ANTIOQUIA;MEDELLIN;60;PARQUE SAN CRISTOBAL;FEDERICO GUTIERREZ;42
ANTIOQUIA;MEDELLIN;60;PUESTO SAN CRISTOBAL 03;MARIA FERNANDA CABAL;26
ANTIOQUIA;MEDELLIN;60;PUESTO SAN CRISTOBAL 03;GUSTAVO PETRO;132
ANTIOQUIA;MEDELLIN;60;PUESTO SAN CRISTOBAL 03;FEDERICO GUTIERREZ;102
ANTIOQUIA;MEDELLIN;60;PUESTO SAN CRISTOBAL 04;MARIA FERNANDA CABAL;35
ANTIOQUIA;MEDELLIN;60;PUESTO SAN CRISTOBAL 04;GUSTAVO PETRO;67
ANTIOQUIA;MEDELLIN;60;PUESTO SAN CRISTOBAL 04;FEDERICO GUTIERREZ;42
ANTIOQUIA;MEDELLIN;60;PUESTO SAN CRISTOBAL 05;MARIA FERNANDA CABAL;70
ANTIOQUIA;MEDELLIN;60;PUESTO SAN CRISTOBAL 05;GUSTAVO PETRO;68
ANTIOQUIA;MEDELLIN;60;PUESTO SAN CRISTOBAL 05;FEDERICO GUTIERREZ;67
ANTIOQUIA;MEDELLIN;70;I.E. ALTAVISTA CENTRAL;MARIA FERNANDA CABAL;30
ANTIOQUIA;MEDELLIN;70;I.E. ALTAVISTA CENTRAL;GUSTAVO PETRO;127
ANTIOQUIA;MEDELLIN;70;I.E. ALTAVISTA CENTRAL;FEDERICO GUTIERREZ;92
ANTIOQUIA;MEDELLIN;70;PARQUE ALTAVISTA;MARIA FERNANDA CABAL;54
ANTIOQUIA;MEDELLIN;70;PARQUE ALTAVISTA;GUSTAVO PETRO;165
ANTIOQUIA;MEDELLIN;70;PARQUE ALTAVISTA;FEDERICO GUTIERREZ;58
ANTIOQUIA;MEDELLIN;70;PUESTO ALTAVISTA 03;MARIA FERNANDA CABAL;24
ANTIOQUIA;MEDELLIN;70;PUESTO ALTAVISTA 03;GUSTAVO PETRO;214
ANTIOQUIA;MEDELLIN;70;PUESTO ALTAVISTA 03;FEDERICO GUTIERREZ;49
ANTIOQUIA;MEDELLIN;70;PUESTO ALTAVISTA 04;MARIA FERNANDA CABAL;31
ANTIOQUIA;MEDELLIN;70;PUESTO ALTAVISTA 04;GUSTAVO PETRO;246
ANTIOQUIA;MEDELLIN;70;PUESTO ALTAVISTA 04;FEDERICO GUTIERREZ;82
ANTIOQUIA;MEDELLIN;80;I.E. SAN ANTONIO CENTRAL;MARIA FERNANDA CABAL;82
ANTIOQUIA;MEDELLIN;80;I.E. SAN ANTONIO CENTRAL;GUSTAVO PETRO;245
ANTIOQUIA;MEDELLIN;80;I.E. SAN ANTONIO CENTRAL;FEDERICO GUTIERREZ;103
ANTIOQUIA;MEDELLIN;80;PARQUE SAN ANTONIO;MARIA FERNANDA CABAL;76
ANTIOQUIA;MEDELLIN;80;PARQUE SAN ANTONIO;GUSTAVO PETRO;145
ANTIOQUIA;MEDELLIN;80;PARQUE SAN ANTONIO;FEDERICO GUTIERREZ;135
ANTIOQUIA;MEDELLIN;80;PUESTO SAN ANTONIO 03;MARIA FERNANDA CABAL;52
ANTIOQUIA;MEDELLIN;80;PUESTO SAN ANTONIO 03;GUSTAVO PETRO;94
ANTIOQUIA;MEDELLIN;80;PUESTO SAN ANTONIO 03;FEDERICO GUTIERREZ;161
ANTIOQUIA;MEDELLIN;80;PUESTO SAN ANTONIO 04;MARIA FERNANDA CABAL;42
ANTIOQUIA;MEDELLIN;80;PUESTO SAN ANTONIO 04;GUSTAVO PETRO;150
ANTIOQUIA;MEDELLIN;80;PUESTO SAN ANTONIO 04;FEDERICO GUTIERREZ;78
ANTIOQUIA;MEDELLIN;80;PUESTO SAN ANTONIO 05;MARIA FERNANDA CABAL;93
ANTIOQUIA;MEDELLIN;80;PUESTO SAN ANTONIO 05;GUSTAVO PETRO;56
ANTIOQUIA;MEDELLIN;80;PUESTO SAN ANTONIO 05;FEDERICO GUTIERREZ;118
ANTIOQUIA;MEDELLIN;80;PUESTO SAN ANTONIO 06;MARIA FERNANDA CABAL;106
ANTIOQUIA;MEDELLIN;80;PUESTO SAN ANTONIO 06;GUSTAVO PETRO;81
ANTIOQUIA;MEDELLIN;80;PUESTO SAN ANTONIO 06;FEDERICO GUTIERREZ;42
ANTIOQUIA;MEDELLIN;90;I.E. SANTA ELENA CENTRAL;MARIA FERNANDA CABAL;90
ANTIOQUIA;MEDELLIN;90;I.E. SANTA ELENA CENTRAL;GUSTAVO PETRO;191
ANTIOQUIA;MEDELLIN;90;I.E. SANTA ELENA CENTRAL;FEDERICO GUTIERREZ;198
ANTIOQUIA;MEDELLIN;90;PARQUE SANTA ELENA;MARIA FERNANDA CABAL;36
ANTIOQUIA;MEDELLIN;90;PARQUE SANTA ELENA;GUSTAVO PETRO;199
ANTIOQUIA;MEDELLIN;90;PARQUE SANTA ELENA;FEDERICO GUTIERREZ;103
ANTIOQUIA;MEDELLIN;90;PUESTO SANTA ELENA 03;MARIA FERNANDA CABAL;86
ANTIOQUIA;MEDELLIN;90;PUESTO SANTA ELENA 03;GUSTAVO PETRO;217
ANTIOQUIA;MEDELLIN;90;PUESTO SANTA ELENA 03;FEDERICO GUTIERREZ;136
ANTIOQUIA;MEDELLIN;90;PUESTO SANTA ELENA 04;MARIA FERNANDA CABAL;57
ANTIOQUIA;MEDELLIN;90;PUESTO SANTA ELENA 04;GUSTAVO PETRO;268
ANTIOQUIA;MEDELLIN;90;PUESTO SANTA ELENA 04;FEDERICO GUTIERREZ;88
